titolo_annuncio,link_annuncio
"Trilocale via Trebbia 25, Porta Romana - Medaglie d'Oro, Milano",https://www.immobiliare.it/annunci/122115790/
"Bilocale via Cesare da Sesto 10, Corso Genova, Milano",https://www.immobiliare.it/annunci/122108650/
"Bilocale via Giuseppe Ripamonti 218, Vigentino - Fatima, Milano",https://www.immobiliare.it/annunci/122120328/
"Appartamento via Amedeo d'Aosta 3, Città Studi, Milano",https://www.immobiliare.it/annunci/122121510/
"Monolocale via Felice Casati 1, Buenos Aires, Milano",https://www.immobiliare.it/annunci/122123108/
"Trilocale via Pontaccio 8, Brera, Milano",https://www.immobiliare.it/annunci/122113206/
"Quadrilocale via Gaudenzio Ferrari 3, Corso Genova, Milano",https://www.immobiliare.it/annunci/122117744/
"Trilocale via Gerolamo Arganini 30, Niguarda, Milano",https://www.immobiliare.it/annunci/122117036/
"Bilocale via Concilio Vaticano II 1, Quarto Oggiaro, Milano",https://www.immobiliare.it/annunci/122118062/
"Appartamento via Fetonte, San Siro, Milano",https://www.immobiliare.it/annunci/122114940/
"Quadrilocale viale Monte Santo, Porta Nuova, Milano",https://www.immobiliare.it/annunci/122119050/
"Bilocale via Anacreonte 7, Cimiano, Milano",https://www.immobiliare.it/annunci/122113510/
"Trilocale viale Lombardia 30, Città Studi, Milano",https://www.immobiliare.it/annunci/122118468/
"Quadrilocale via Lecco 6, Porta Venezia, Milano",https://www.immobiliare.it/annunci/122120936/
"Quadrilocale via Garofalo, Città Studi, Milano",https://www.immobiliare.it/annunci/122113620/
"Bilocale via Gardone 29, Corvetto, Milano",https://www.immobiliare.it/annunci/122117462/
"Bilocale via Vittoria Colonna 25, Amendola - Buonarroti, Milano",https://www.immobiliare.it/annunci/122120320/
"Trilocale ottimo stato, primo piano, Buenos Aires, Milano",https://www.immobiliare.it/annunci/122119124/
"Monolocale via Pietro Maroncelli 11, Garibaldi - Corso Como, Milano",https://www.immobiliare.it/annunci/122120476/
"Bilocale Ripa di Porta Ticinese 21, Navigli - Darsena, Milano",https://www.immobiliare.it/annunci/122118034/
"Quadrilocale via Bernardo Davanzati 5, Dergano, Milano",https://www.immobiliare.it/annunci/122113396/
"Bilocale via Lodovico Montegani 1, Cermenate - Abbiategrasso, Milano",https://www.immobiliare.it/annunci/122120852/
"Trilocale via Gaspare Aselli 18, Città Studi, Milano",https://www.immobiliare.it/annunci/122123016/
"Monolocale via Cesare da Sesto 10, Corso Genova, Milano",https://www.immobiliare.it/annunci/122108634/
"Bilocale via Pontaccio 2, Lanza, Milano",https://www.immobiliare.it/annunci/122113144/
"Trilocale via Cardinale Giovanni Cagliero, Maggiolina, Milano",https://www.immobiliare.it/annunci/122122614/
"Quadrilocale via Felicité Robert De Lamennais 15, Quarto Cagnino, Milano",https://www.immobiliare.it/annunci/122106682/
"Trilocale via Eugenio Vaina 1, Quadronno - Crocetta, Milano",https://www.immobiliare.it/annunci/122124498/
"Trilocale via Vespri Siciliani 1, Piazza Napoli, Milano",https://www.immobiliare.it/annunci/122115182/
"Trilocale via Soperga 40, Pasteur, Milano",https://www.immobiliare.it/annunci/122118016/
"Quadrilocale corso Giuseppe Garibaldi 104, Moscova, Milano",https://www.immobiliare.it/annunci/122116884/
"Trilocale via Giulio e Corrado Venini 61, Pasteur, Milano",https://www.immobiliare.it/annunci/122120242/
"Monolocale via Giovanni Paisiello 4, Città Studi, Milano",https://www.immobiliare.it/annunci/122116210/
"Bilocale via Francesco Predabissi 3, Parco Trotter, Milano",https://www.immobiliare.it/annunci/122120528/
"Bilocale via Val Strona 6, Martini - Insubria, Milano",https://www.immobiliare.it/annunci/122119318/
"Appartamento all'asta via Manfredonia, 6, Milano",https://www.immobiliare.it/annunci/122121500/
"Bilocale via Soperga 40, Pasteur, Milano",https://www.immobiliare.it/annunci/122118236/
"Monolocale via Marco D'Agrate 23, Corvetto, Milano",https://www.immobiliare.it/annunci/122116574/
"Bilocale via Giulio e Corrado Venini 61, Pasteur, Milano",https://www.immobiliare.it/annunci/122120382/
"Trilocale via Marco d'Agrate 23, Corvetto, Milano",https://www.immobiliare.it/annunci/122120550/
"Appartamento all'asta via Selvanesco, Milano",https://www.immobiliare.it/annunci/122109446/
"Bilocale via Ilarione Rancati 21, Turro, Milano",https://www.immobiliare.it/annunci/122113670/
"Appartamento all'asta via Francesco Burlamacchi, 11, Milano",https://www.immobiliare.it/annunci/122117230/
"Appartamento all'asta corso Sempione, 63, Milano",https://www.immobiliare.it/annunci/122116292/
"Bilocale via della Torre 32, Turro, Milano",https://www.immobiliare.it/annunci/122119238/
"Trilocale via degli Umiliati, 16, Ponte Lambro, Milano",https://www.immobiliare.it/annunci/122108534/
"Appartamento via Ippodromo 76, Gallaratese, Milano",https://www.immobiliare.it/annunci/122123152/
"Bilocale via Spagnoletto 19, Monte Rosa - Lotto, Milano",https://www.immobiliare.it/annunci/122116022/
"Quadrilocale via Zuara 8, Tripoli - Soderini, Milano",https://www.immobiliare.it/annunci/122116374/
"Appartamento all'asta via Angiolo Maffucci 59, Milano",https://www.immobiliare.it/annunci/122124162/
"Quadrilocale viale Carlo Troya 8A, Piazza Napoli, Milano",https://www.immobiliare.it/annunci/122116180/
"Trilocale piazzale Lorenzo Lotto 13, San Siro, Milano",https://www.immobiliare.it/annunci/122115802/
"Trilocale viale Carlo Troya 22, Piazza Napoli, Milano",https://www.immobiliare.it/annunci/122116048/
"Bilocale via Brivio 6, Bovisa, Milano",https://www.immobiliare.it/annunci/122117102/
"Trilocale via Padova 79, Parco Trotter, Milano",https://www.immobiliare.it/annunci/122120908/
"Appartamento all'asta via Manfredonia 6, Milano",https://www.immobiliare.it/annunci/122123074/
"Bilocale via Giovanni Pacini, Città Studi, Milano",https://www.immobiliare.it/annunci/122119148/
"Trilocale via Quinto Romano 76, Baggio, Milano",https://www.immobiliare.it/annunci/122114426/
"Bilocale via Giovanni Pacini, Città Studi, Milano",https://www.immobiliare.it/annunci/122119360/
"Loft via Giovanni Pascoli, Città Studi, Milano",https://www.immobiliare.it/annunci/122119994/
"Bilocale via Niccolò Paganini 9, Buenos Aires, Milano",https://www.immobiliare.it/annunci/122123414/
"Trilocale via Gaetano Donizetti, Palestro, Milano",https://www.immobiliare.it/annunci/122114504/
"Bilocale via Edmondo De Amicis, Corso Genova, Milano",https://www.immobiliare.it/annunci/122115562/
"Quadrilocale viale Vittorio Veneto, Porta Venezia, Milano",https://www.immobiliare.it/annunci/122115756/
"Appartamento via Giuseppe Frua, Frua, Milano",https://www.immobiliare.it/annunci/122115988/
"Trilocale Galleria Unione, Missori, Milano",https://www.immobiliare.it/annunci/122115928/
"Trilocale via Giovanni Pierluigi da Palestrina, Buenos Aires, Milano",https://www.immobiliare.it/annunci/122114332/
"Trilocale via Ippodromo, San Siro, Milano",https://www.immobiliare.it/annunci/122115966/
"Trilocale viale Carlo Espinasse 63, Certosa, Milano",https://www.immobiliare.it/annunci/122113876/
"Monolocale piazza San Materno 8, Casoretto, Milano",https://www.immobiliare.it/annunci/122114974/
"Appartamento all'asta via Manfredonia 6, Milano",https://www.immobiliare.it/annunci/122112924/
"Trilocale via Tranquillo Cremona 12, Pagano, Milano",https://www.immobiliare.it/annunci/122120898/
"Trilocale da ristrutturare, primo piano, Primaticcio, Milano",https://www.immobiliare.it/annunci/122118868/
"Loft via Cristoforo Gluck 50, Cascina dei Pomi, Milano",https://www.immobiliare.it/annunci/122122406/
"Bilocale ottimo stato, terzo piano, Paolo Sarpi, Milano",https://www.immobiliare.it/annunci/122113566/
